Player,Weekly Wages
Kevin De Bruyne,400000.0
Erling Haaland,375000.0
Jadon Sancho,350000.0
Mohamed Salah,350000.0
Raheem Sterling,325000.0
Jack Grealish,300000.0
Kalidou Koulibaly,295000.0
Gabriel Jesus,265000.0
Anthony Martial,250000.0
Kai Havertz,250000.0
Reece James,250000.0
John Stones,250000.0
Bruno Fernandes,240000.0
Phil Foden,225000.0
Virgil van Dijk,220000.0
Thomas Partey,200000.0
Antony,200000.0
Marcus Rashford,200000.0
Harry Kane,200000.0
Son Heung-min,190000.0
Ben Chilwell,190000.0
Fabinho,180000.0
Roberto Firmino,180000.0
Trent Alexander-Arnold,180000.0
Manuel Akanji,180000.0
Marc Cucurella,175000.0
Cristian Romero,165000.0
Lucas Digne,160000.0
Kyle Walker,160000.0
Riyad Mahrez,160000.0
Oleksandr Zinchenko,150000.0
Christian Eriksen,150000.0
Luke Shaw,150000.0
Boubacar Kamara,150000.0
Bernardo Silva,150000.0
Diogo Jota,140000.0
Jordan Henderson,140000.0
Jamie Vardy,140000.0
Wilfried Zaha,130000.0
Kurt Zouma,125000.0
Ben White,120000.0
Granit Xhaka,120000.0
Fred,120000.0
Cody Gakpo,120000.0
Ruben Loftus-Cheek,120000.0
Alex Iwobi,120000.0
Aymeric Laporte,120000.0
Dejan Kulusevski,110000.0
James Maddison,110000.0
Thiago Silva,110000.0
Eddie Nketiah,100000.0
James Ward-Prowse,100000.0
Rodrigo,100000.0
Andrew Robertson,100000.0
Leon Bailey,100000.0
Jonny Evans,100000.0
Kieran Trippier,100000.0
Amadou Onana,100000.0
Dominic Calvert-Lewin,100000.0
James Tarkowski,100000.0
Emerson Palmieri,95000.0
Aaron Wan-Bissaka,90000.0
Richarlison,90000.0
Gianluca Scamacca,90000.0
Sven Botman,90000.0
Eric Dier,85000.0
Pedro Porro,85000.0
Michail Antonio,85000.0
Joe Gomez,85000.0
Matheus Nunes,85000.0
Joelinton,85000.0
Ben Davies,80000.0
Joachim Andersen,80000.0
Thilo Kehrer,80000.0
Matty Cash,80000.0
Tyrone Mings,80000.0
Kelechi Iheanacho,80000.0
Joe Willock,80000.0
Mason Mount,80000.0
Idrissa Gana Gueye,80000.0
Michael Keane,80000.0
Jesse Lingard,80000.0
Tyrell Malacia,75000.0
Theo Walcott,75000.0
Rodrigo Bentancur,75000.0
Douglas Luiz,75000.0
Ollie Watkins,75000.0
Patson Daka,75000.0
Wilfred Ndidi,75000.0
Lewis Dunk,75000.0
Bukayo Saka,70000.0
Gabriel Martinelli,70000.0
Joe Aribo,70000.0
Patrick Bamford,70000.0
Angelo Ogbonna,70000.0
Jacob Ramsey,70000.0
Allan Saint-Maximin,70000.0
Issa Diop,70000.0
Stuart Armstrong,65000.0
Pablo Fornals,65000.0
Timothy Castagne,65000.0
Scott McTominay,60000.0
Mohamed Elyounoussi,60000.0
Junior Firpo,60000.0
Declan Rice,60000.0
Jarrod Bowen,60000.0
James Milner,60000.0
Daniel Podence,60000.0
Renan Lodi,60000.0
Vitaliy Mykolenko,58000.0
Adam Armstrong,55000.0
Yves Bissouma,55000.0
Jefferson Lerma,55000.0
Tyler Adams,55000.0
John McGinn,55000.0
Ben Mee,55000.0
Adam Webster,55000.0
Danny Welbeck,55000.0
Conor Coady,55000.0
Jeffrey Schlupp,50000.0
Dominic Solanke,50000.0
Marcos Senesi,50000.0
Jack Harrison,50000.0
Marc Roca,50000.0
Pascal Struijk,50000.0
Aaron Cresswell,50000.0
Nayef Aguerd,50000.0
Ashley Young,50000.0
Diego Costa,50000.0
Pedro Neto,50000.0
Sean Longstaff,50000.0
Conor Gallagher,50000.0
Trevoh Chalobah,50000.0
Alexis Mac Allister,50000.0
Neal Maupay,50000.0
Neco Williams,50000.0
Taiwo Awoniyi,50000.0
Andreas Pereira,50000.0
Kenny Tete,50000.0
Callum Wilson,46000.0
Michael Olise,45000.0
Brenden Aaronson,45000.0
Bryan Mbeumo,45000.0
Moussa Niakhate,45000.0
William Saliba,40000.0
Emerson,40000.0
Oliver Skipp,40000.0
Tyrick Mitchell,40000.0
Lewis Cook,40000.0
Philip Billing,40000.0
Rasmus Kristensen,40000.0
Robin Koch,40000.0
Harvey Elliott,40000.0
Frederic Guilbert,40000.0
Harry Souttar,40000.0
Harvey Barnes,40000.0
Solly March,40000.0
Remo Freuler,40000.0
Tosin Adarabioyo,40000.0
Willian,40000.0
Alex Telles,37500.0
Ainsley Maitland-Niles,35000.0
Lyanco,35000.0
Joel Ward,35000.0
Jordan Ayew,35000.0
Adam Smith,35000.0
Chris Mepham,35000.0
Jonny Castro,35000.0
Youri Tielemans,35000.0
Dan Burn,35000.0
Jacob Murphy,35000.0
Rico Henry,35000.0
Serge Aurier,35000.0
Bobby Reid,35000.0
Harry Wilson,35000.0
Che Adams,30000.0
Romain Perraud,30000.0
Eberechi Eze,30000.0
Lloyd Kelly,30000.0
Ryan Christie,30000.0
Ezri Konsa,30000.0
Hwang Hee-chan,30000.0
James Justin,30000.0
Aaron Hickey,30000.0
Mikkel Damsgaard,30000.0
Vitaly Janelt,30000.0
Brennan Johnson,30000.0
Orel Mangala,30000.0
Steve Cook,30000.0
Harrison Reed,30000.0
Tim Ream,30000.0
Tom Cairney,30000.0
Nathan Patterson,28000.0
Diogo Dalot,25000.0
Carlos Alcaraz,25000.0
Mohammed Salisu,25000.0
Liam Cooper,25000.0
Demarai Gray,25000.0
Dwight McNeil,25000.0
Ryan Yates,25000.0
Antonee Robinson,25000.0
Kyle Walker-Peters,20000.0
Marcus Tavernier,20000.0
Luke Ayling,20000.0
Nathan Collins,20000.0
Daniel Amartey,20000.0
Kiernan Dewsbury-Hall,20000.0
Ivan Toney,20000.0
Josh Dasilva,20000.0
Mathias Jensen,20000.0
Yoane Wissa,20000.0
Scott McKenna,20000.0
Armel Bella Kotchap,15000.0
Kieffer Moore,15000.0
Crysencio Summerville,15000.0
Curtis Jones,15000.0
Max Kilman,15000.0
Ethan Pinnock,15000.0
Harry Toffolo,15000.0
Joe Worrall,15000.0
Jaidon Anthony,10000.0
Luke Thomas,10000.0
Mads Roerslev,10000.0
Kaoru Mitoma,10000.0
Joe Rothwell,8000.0
Jordan Zemura,8000.0
Hugo Bueno,5000.0
Toti Gomes,5000.0
Levi Colwill,5000.0
Rico Lewis,5000.0
Evan Ferguson,3000.0
Frenkie de Jong,620416.0
Toni Kroos,403353.0
Karim Benzema,397066.0
Sergio Busquets,397066.0
David Alaba,372250.0
Robert Lewandowski,344620.0
Koke,264711.0
Ansu Fati,230795.0
Antoine Griezmann,206805.0
Raphinha,206805.0
Jordi Alba,174709.0
Dani Carvajal,172393.0
Ferland Mendy,172393.0
Marco Asensio,162632.0
Pedri,155187.0
Andreas Christensen,148900.0
Nacho,141289.0
Eduardo Camavinga,137815.0
Rodrygo,137815.0
Axel Witsel,137815.0
Federico Valverde,134506.0
Yannick Carrasco,125076.0
Geoffrey Kondogbia,114157.0
Nabil Fekir,112502.0
Gavi,112502.0
Rodrigo De Paul,110351.0
Marcos Alonso,103403.0
Nemanja Gudelj,92649.0
Gabriel Paulista,88182.0
David Silva,87685.0
Munir El Haddadi,86858.0
Sergi Roberto,82722.0
Borja Mayoral,79248.0
Vedat Muriqi,75773.0
Yuri Berchiche,70810.0
Tanguy Nianzou,68990.0
Edinson Cavani,68990.0
Roque Mesa,68825.0
Giovani Lo Celso,68163.0
Daniel Parejo,62869.0
Pau Torres,62869.0
Justin Kluivert,62042.0
Gerard Moreno,59891.0
Nico Williams,57906.0
Thomas Lemar,53769.0
Mikel Merino,52942.0
Luiz Felipe,52942.0
Dani Ceballos,51784.0
Martin Braithwaite,51619.0
Youssef En-Nesyri,49633.0
Asier Illarramendi,49633.0
Hugo Duro,47813.0
Suso,46324.0
Robin Le Normand,46324.0
Iago Aspas,43016.0
Hugo Mallo,42850.0
Joselu,41361.0
Karim Rekik,41361.0
Samu Castillejo,41361.0
Franco Cervi,41361.0
William Carvalho,38879.0
Alfonso Pedraza,36398.0
Iker Muniain,36398.0
Mikel Oyarzabal,36398.0
Portu,34909.0
Marcos Llorente,34743.0
Mario Hermoso,34743.0
Alex Baena,33089.0
Juan Foyth,33089.0
Alex Telles,33089.0
Igor Zubeldia,33089.0
Takefusa Kubo,33089.0
Joseph Aidoo,32262.0
Sergi Darder,31434.0
Rafa Mir,31434.0
Dimitri Foulquier,30938.0
Aritz Elustondo,30607.0
Thierry Correia,30442.0
Ezequiel Ponce,29780.0
Toni Lato,29118.0
Ilaix Moriba,26802.0
Lucas Ocampos,26469.0
Borja Iglesias,26471.0
Sergio Canales,26471.0
Mauro Arambarri,25313.0
Yunus Musah,24817.0
Alberto Moreno,23162.0
Viktor Tsyhankov,23162.0
Florian Lejeune,23162.0
Gonzalo Montiel,22831.0
Yeremi Pino,22335.0
Juan Miranda,21508.0
Samuel Lino,20681.0
Omar Alderete,19853.0
Cristhian Stuani,19853.0
Nahuel Molina,19853.0
Diego Rico,19853.0
Theo Bongonda,19853.0
Juanmi,19853.0
Samuel Chukwueze,18199.0
Daniel Vivian,18199.0
Yangel Herrera,18199.0
Carlos Clerc,17868.0
Domingos Duarte,17868.0
Nacho Vidal,16710.0
Lucas Olaza,16544.0
Mikel Vesga,16544.0
Aleix Vidal,16544.0
Pablo Maffeo,16214.0
Lucas Robertone,15717.0
Andoni Gorosabel,14890.0
Youssouf Sabaly,14063.0
Leandro Cabrera,13897.0
Iddrisu Baba,13566.0
Omar Mascarell,13566.0
Reinildo Mandava,13236.0
Mouctar Diakhaby,13236.0
Luiz Henrique,13236.0
Sergio Escudero,12905.0
Antonio Raillo,12905.0
Luis Milla,12905.0
Alejandro Pozo Pozo,11912.0
Fede San Emeterio,11912.0
Martin Valjent,11581.0
Jawad El Yamiq,11085.0
Ante Budimir,10423.0
Juan Cruz Armada,10258.0
Fidel,10258.0
Anthony Lozano,10258.0
Oihan Sancet,9927.0
Rodrigo Ely,9927.0
Jon Pacheco,9927.0
Aitor Ruibal,9927.0
Gonzalo Melero,8934.0
Brian Ocampo,8934.0
Nicolas Jackson,8603.0
Fernando Calero,8603.0
Jon Moncayola,8272.0
Alfonso Espino,8272.0
Fali,8272.0
Gonzalo Plata,7941.0
Bernardo Espinosa,7941.0
Isaac Carcelen,7941.0
Kike Barja,7610.0
Sergio Camello,7610.0
Juanpe,7280.0
Cyle Larin,6949.0
Amath,6949.0
Arnau Martinez,6618.0
Javi Puado,6287.0
Aimar Oroz,5956.0
Rodrigo Riquelme,5956.0
Catena,5956.0
Abdul Mumin,5791.0
Pere Milla,5625.0
Jaume Costa,5460.0
Monchu,4963.0
Tete Morente,4798.0
Vinicius Souza,4632.0
Luca de la Torre,4467.0
Yan Couto,4302.0
Renato Tapia,4302.0
Lee Kang-in,4136.0
Gorka Guruzeta,4136.0
Copete,3474.0
Gerard Gumbau,3474.0
Pedro Bigas,3474.0
Nico Ribaudo,3474.0
Fran Garcia,3309.0
Iglesias,2978.0
Samu Costa,2978.0
Gabriel Veiga,2978.0
Sergio Akieme,2813.0
Alejandro Balde,2647.0
Enzo Roco,2564.0
Helibelton Palacios,2564.0
Josan,2564.0
Largie Ramazani,2564.0
Santiago Bueno,2482.0
Alex Sandro,183809.0
Romelu Lukaku,180334.0
Gleison Bremer,153201.0
Juan Cuadrado,153201.0
Adrien Rabiot,148404.0
Ciro Immobile,122594.0
Paulo Dybala,116473.0
Stefan de Vrij,116473.0
Gianluca Mancini,107208.0
Lorenzo Pellegrini,107208.0
Stephan El Shaarawy,107208.0
Tammy Abraham,95461.0
Alessio Romagnoli,91987.0
Leonardo Spinazzola,91987.0
Manuel Locatelli,91987.0
Domenico Berardi,91987.0
Victor Osimhen,90167.0
Alessandro Bastoni,85866.0
Divock Origi,84873.0
Hirving Lozano,84873.0
Chris Smalling,80571.0
Henrikh Mkhitaryan,80571.0
Luis Alberto,76601.0
Federico Fazio,76601.0
Robin Gosens,76601.0
Sandro Tonali,76601.0
Kim Min-jae,76601.0
Fikayo Tomori,74284.0
Olivier Giroud,74284.0
Andrea Belotti,73457.0
Andrea Pinamonti,73457.0
Giovanni Di Lorenzo,73457.0
Matteo Darmian,67832.0
Matteo Politano,67336.0
Aaron Ramsey,63696.0
Moise Kean,63696.0
Stefano Sensi,61214.0
Elseid Hysaj,61214.0
Mattia Zaccagni,61214.0
Merih Demiral,61214.0
Davide Calabria,61214.0
Andre-Frank Zambo Anguissa,57244.0
Andrea Petagna,55093.0
Bryan Cristante,55093.0
Pedro,53108.0
Denzel Dumfries,53108.0
Simone Verdi,52115.0
Armando Izzo,52115.0
Manuel Lazzari,52115.0
Antonio Sanabria,48972.0
Rolando Mandragora,48972.0
Federico Dimarco,48972.0
Felipe Anderson,46655.0
Charles De Ketelaere,46655.0
Aleksei Miranchuk,45994.0
Giacomo Bonaventura,45994.0
Francesco Acerbi,45994.0
Mattia De Sciglio,45994.0
Karol Linetty,42850.0
Danilo Cataldi,42850.0
Marlon,42354.0
Pierre Kalulu,42354.0
Alfred Duncan,39872.0
Sebastiano Luperto,39872.0
Antonio Candreva,39872.0
Ademola Lookman,38218.0
Luis Muriel,38218.0
Amir Rrahmani,38218.0
Cristiano Biraghi,36729.0
Federico Bonazzoli,36729.0
Juan Jesus,36729.0
Arthur Cabral,36067.0
Jonathan Ikone,36067.0
Roberto Soriano,33916.0
Stanislav Lobotka,33916.0
Riccardo Orsolini,33751.0
Valentino Lazaro,31765.0
Gary Medel,31765.0
Sofyan Amrabat,31765.0
Teun Koopmeiners,31765.0
Roger Ibanez,31765.0
Elif Elmas,31765.0
Samuele Ricci,30607.0
Andrea Cambiaso,30607.0
Kevin Bonifazi,30607.0
Marten de Roon,30607.0
Junior Messias,30607.0
Federico Gatti,30607.0
Perr Schuurs,29615.0
Boulaye Dia,29615.0
Omar Colley,29118.0
Gianluca Caprari,27629.0
Dimitris Nikolaou,27629.0
Davide Zappacosta,27629.0
Alberto Grassi,27629.0
Ardian Ismajli,27629.0
Nicolas Haas,27629.0
Khvicha Kvaratskhelia,25478.0
Musa Barrow,24486.0
Matteo Pessina,24486.0
Albin Ekdal,24486.0
Berat Djimsiti,24486.0
Hans Hateboer,24486.0
Liam Henderson,24486.0
Jeison Murillo,23328.0
Manolo Gabbiadini,23328.0
Adama Soumaoro,22997.0
Federico Di Francesco,22997.0
Kevin Lasagna,21508.0
Emmanuel Gyasi,21508.0
Davide Frattesi,21508.0
Gerard Deulofeu,21177.0
Roberto Pereyra,21177.0
Riccardo Saponara,21177.0
Alexis Saelemaekers,21177.0
Assan Ceesay,21177.0
Luca Caldirola,20846.0
Patrick Ciurria,20846.0
Nikola Moro,20515.0
Harry Winks,20019.0
Mattia Caldara,19853.0
Arkadiusz Reca,19026.0
Cyriel Dessers,19026.0
Dylan Bronn,19026.0
Giangiacomo Magnani,18364.0
Mehdi Bourabia,18364.0
Filippo Bandinelli,18364.0
Gian Marco Ferrari,18364.0
Caleb Okoli,17206.0
Enzo Ebosse,17041.0
Jaka Bijol,17041.0
Walace,17041.0
Thomas Henry,17041.0
M'Bala Nzola,16875.0
Antonino Gallo,15883.0
Davide Faraoni,15386.0
Federico Ceccherini,15386.0
Miguel Veloso,15386.0
Charalambos Lykogiannis,15386.0
Daniel Ciofani,15386.0
Jean-Daniel Akpa-Akpro,15386.0
Isaac Success,14890.0
Igor,14890.0
Jeremy Toljan,14890.0
Samuele Birindelli,13732.0
Salvatore Esposito,13732.0
Tolgay Arslan,12739.0
Isak Hien,12739.0
Charles Pickel,12739.0
David Okereke,12739.0
Kristian Thorstvedt,12739.0
Maxime Lopez,12739.0
Lorenzo Venuti,12243.0
Daniele Verde,12243.0
Kevin Agudelo,12243.0
Cristian Buonaiuto,12243.0
Tonny Vilhena,12243.0
Kelvin Amian,11747.0
Martin Satriano,10754.0
Giuseppe Pezzella,10754.0
Adrien Tameze,10588.0
Josh Doig,10588.0
Jerdy Schouten,10588.0
Michel Aebischer,10588.0
Luka Lochoshvili,10588.0
Tyronne Ebuehi,10588.0
Alexis Blin,10588.0
Lameck Banda,10588.0
Carlos Augusto,10423.0
Matteo Bianchetti,10092.0
Matheus Henrique,9430.0
Giorgio Scalvini,9265.0
Frank Tsadjout,9265.0
Michele Castagnetti,9265.0
Tommaso Baldanzi,9265.0
Lorenzo Pirola,9265.0
Nicola Zalewski,9265.0
Fabio Miretti,9265.0
Federico Baschirotto,9265.0
Lorenzo Colombo,9265.0
Lazar Samardzic,8438.0
Lewis Ferguson,8438.0
Lassana Coulibaly,8438.0
Ruan,8107.0
Koffi Djidji,7776.0
Diego Coppola,7610.0
Tommaso Augello,7610.0
Gabriel Strefezza,7610.0
Ethan Ampadu,7445.0
Dany Mota,7280.0
Alessandro Buongiorno,6783.0
Emanuel Aiwum,6287.0
Edoardo Bove,6121.0
Morten Hjulmand,6121.0
Pasquale Mazzocchi,4963.0
Destiny Udogie,4632.0
Martin Erlic,4632.0
Wilfried Singo,4302.0
Emil Holm,4302.0
Beto,3143.0
Simone Bastoni,3143.0
Emanuele Valeri,3143.0
Fabiano Parisi,3143.0
Grigoris Kastanos,3143.0
Andrea Colpani,2813.0
Leonardo Sernicola,2482.0
Valentin Gendrey,1985.0
Abdelhamid Sabiri,1820.0
Joshua Kimmich,322616.0
Serge Gnabry,312193.0
Leon Goretzka,297800.0
Kingsley Coman,281255.0
Matthijs de Ligt,264711.0
Alphonso Davies,186125.0
Marco Reus,181989.0
Christopher Nkunku,165444.0
Timo Werner,165444.0
Mats Hummels,165444.0
Dayot Upamecano,165444.0
Emre Can,145591.0
Noussair Mazraoui,132355.0
Matthias Ginter,124910.0
David Raum,124910.0
Julian Brandt,115811.0
Emil Forsberg,109193.0
Patrik Schick,99267.0
Maximilian Arnold,90994.0
Lukas Klostermann,86031.0
Karim Adeyemi,82722.0
Benjamin Pavard,82722.0
Jamal Musiala,82722.0
Nico Schlotterbeck,78090.0
Dominick Drexler,74615.0
Donyell Malen,74450.0
Dani Olmo,69487.0
Dominik Szoboszlai,69487.0
Willi Orban,69487.0
Xaver Schlager,66178.0
Julian Weigl,65516.0
Simon Terodde,63365.0
Benjamin Henrichs,62869.0
Yannick Gerhardt,59560.0
Christoph Kramer,57906.0
Kevin Kampl,57906.0
Eric Maxim Choupo-Moting,57906.0
Marius Wolf,54597.0
Jonas Hector,54597.0
John Brooks,52942.0
Marcus Thuram,52942.0
Kerem Demirbay,52942.0
Sardar Azmoun,52942.0
Ozan Kabak,52115.0
Suat Serdar,51784.0
Marcel Halstenberg,49633.0
Lars Stindl,47979.0
Josuha Guilavogui,47648.0
Mergim Berisha,46821.0
Mattias Svanberg,46821.0
Dan-Axel Zagadou,46821.0
Jonathan Tah,46821.0
Nadiem Amiri,46821.0
Lucas Tousart,43016.0
Kingsley Schindler,42519.0
Dodi Lukebakio,41361.0
Jonas Hofmann,41361.0
Konrad Laimer,41361.0
Florian Wirtz,41361.0
Marvin Ducksch,40865.0
Anthony Jung,37390.0
Edmond Tapsoba,37390.0
Moussa Diaby,37390.0
Sebastian Rode,34743.0
Djibril Sow,34247.0
Jonas Wind,33751.0
Moanes Dabbur,33089.0
Daichi Kamada,33089.0
Patrick Wimmer,32758.0
Mitchell Weiser,32758.0
Edimilson Fernandes,32758.0
Ramy Bensebaini,31434.0
Ko Itakura,31269.0
Sebastiaan Bornauw,30276.0
Robert Skov,29780.0
Stefan Bell,29780.0
Marvin Friedrich,28953.0
Jordan Pefok,28787.0
Ihlas Bebou,28126.0
Mohamed Simakan,28126.0
Ellyes Skhiri,28126.0
Maya Yoshida,28126.0
Exequiel Palacios,28126.0
Anthony Caci,27795.0
Rodrigo Zalazar,27464.0
Odilon Kossonou,26967.0
Mitchel Bakker,26637.0
Carlos Gruezo,26471.0
Florian Neuhaus,26471.0
Nico Elvedi,26471.0
Leonardo Bittencourt,26471.0
Jude Bellingham,26471.0
Robert Andrich,26471.0
Jeffrey Gouweleeuw,24817.0
Marvin Plattenhardt,24817.0
Robin Knoche,24817.0
Randal Kolo Muani,24817.0
Niklas Stark,23824.0
Jeremie Frimpong,21839.0
Silvan Widmer,21508.0
Jonjoe Kenny,19853.0
Florian Kainz,19853.0
Obite N'Dicka,19853.0
Dominik Kohr,19688.0
Hiroki Ito,19026.0
Stanley N'Soki,18861.0
Michael Gregoritsch,18861.0
Amine Adli,18861.0
Marc-Oliver Kempf,17868.0
Janik Haberer,17868.0
Ivan Ordets,17206.0
Wilfried Kanga,16875.0
Arne Maier,16544.0
Iago,16544.0
Amadou Haidara,16544.0
Dennis Geiger,16379.0
Dejan Ljubicic,16048.0
Danny da Costa,15883.0
Vincenzo Grifo,15717.0
Josha Vagnoman,15552.0
Ritsu Doan,15552.0
Anthony Losilla,15221.0
Anton Stach,15055.0
Lee Jae-sung,14559.0
Kevin Akpoguma,14394.0
Ruben Vargas,14063.0
Rani Khedira,14063.0
Andreas Hanche-Olsen,13897.0
Ohis Felix Uduokhai,13236.0
Konstantinos Mavropanos,12574.0
Waldemar Anton,12408.0
Amos Pieper,12408.0
Thomas Ouwejan,12408.0
Maximilian Eggestein,12243.0
Kostas Stafylidis,12243.0
Ilia Gruev,11912.0
Marcus Ingvartsen,11912.0
Christopher Lenz,11912.0
Christopher Trimmel,11250.0
Philipp Lienhart,11250.0
Wataru Endo,10919.0
Steffen Tigges,10919.0
Borna Sosa,10588.0
Ridle Baku,9927.0
Jens Stage,9927.0
Danilho Doekhi,9927.0
Kenan Karaman,9927.0
Karim Onisiwo,9761.0
Marco Friedl,9596.0
Benno Schmitz,9596.0
Silas Katompa,9265.0
Roland Sallai,9265.0
Alexander Hack,9099.0
Sheraldo Becker,8603.0
Patrick Osterhage,8603.0
Atakan Karazor,7776.0
Cristian Gamboa,7776.0
Moritz Jenz,7776.0
Mads Pedersen,7610.0
Marco Richter,7445.0
Gerrit Holtmann,7445.0
Simon Zoller,7280.0
Danilo Soares,7114.0
Micky van de Ven,6949.0
Junior Dina Ebimbe,6949.0
Fredrik Jensen,6783.0
Christoph Baumgartner,6452.0
Philipp Hofmann,6452.0
Julian Chabot,6287.0
Linton Maina,5956.0
Diogo Leite,5625.0
Maximilian Bauer,4963.0
Paul Jaeckel,4963.0
Eric Martel,4467.0
Henning Matriciani,4467.0
Robert Gumny,4136.0
Saidy Janko,4136.0
Youssoufa Moukoko,3971.0
Omar Marmoush,3805.0
Romano Schmid,3474.0
Tuta,3474.0
Maxence Lacroix,3143.0
Kevin Behrens,3143.0
Ansgar Knauff,2647.0
Joe Scally,2482.0
Luca Kilian,2482.0
Niklas Schmidt,2151.0
Leandro Barreiro Martins,2151.0
Felix Nmecha,1820.0
Kiliann Sildillia,1820.0
Arne Engels,1654.0
Takuma Asano,827.0
Christopher Antwi-Adjei,496.0
Lionel Messi,1052888.0
Neymar,932444.0
Achraf Hakimi,240721.0
Marco Verratti,238240.0
Sergio Ramos,180334.0
Juan Bernat,144929.0
Nordi Mukiele,138973.0
Wissam Ben Yedder,129047.0
Jordan Veretout,109193.0
Aaron Ramsey,90167.0
Alexandre Lacazette,89340.0
Corentin Tolisso,79413.0
Dejan Lovren,79413.0
Hugo Ekitike,79413.0
Breel Embolo,66509.0
Valentin Rongier,65516.0
Chancel Mbemba,63531.0
Moussa Sissoko,61545.0
Thiago Mendes,59560.0
Aleksandr Golovin,59560.0
Maxence Caqueret,55589.0
Jonathan Clauss,54597.0
Danilo Pereira,52942.0
Wahbi Khazri,49633.0
Martin Terrier,49633.0
Vanderson,49633.0
Arthur Theate,48144.0
Caio Henrique Oliveira Silva,44670.0
Rayan Cherki,41692.0
Benjamin Bourigeaud,37721.0
Samuel Gigot,37556.0
Rony Lopes,36398.0
Pierre Lees-Melou,33751.0
Folarin Balogun,29780.0
Ismaily,29780.0
Moses Simon,29780.0
Seko Fofana,29780.0
Mostafa Mohamed,29284.0
Jonathan David,27795.0
Nuno Tavares,27629.0
Baptiste Santamaria,25975.0
Ross Barkley,25809.0
Jeremy Doku,25809.0
Lovro Majer,25809.0
Dante,24817.0
Arnaud Kalimuendo,24817.0
Ruben Aguilar,24817.0
Jordan Ferri,23824.0
Flavien Tait,23824.0
Jonathan Bamba,23824.0
Nuno Mendes,23824.0
Nicolas Pallois,21839.0
Frederic Guilbert,21177.0
Abdallah Sima,20515.0
Junya Ito,19853.0
Yunis Abdelhamid,19853.0
Edon Zhegrova,19853.0
Jean-Clair Todibo,19522.0
Habib Diarra,18861.0
Maxime Busi,18033.0
Islam Slimani,18033.0
Andrei Girotto,17868.0
Leonardo Balerdi,16379.0
Florian Tardieu,15883.0
Adrien Hunou,15883.0
Ludovic Blas,15883.0
Fabien Centonze,15552.0
Jean-Eudes Aholou,15386.0
Christopher Jullien,14890.0
Branco van den Boomen,13897.0
Renaud Ripart,13897.0
M'Baye Niang,13897.0
Romain Hamouma,13897.0
Alexander Djiku,13897.0
Adil Rami,12905.0
Xavier Chavalerin,12905.0
Nabil Bentaleb,12905.0
Maxime Gonalons,12905.0
Jordan Lotomba,12574.0
Arnaud Nordin,12408.0
Brecht Dejaegere,11912.0
Rayan Raveloson,11912.0
Arber Zeneli,11912.0
Azor Matusiwa,11912.0
Jens Cajuste,11912.0
Marshall Munetsi,11912.0
Thomas Foket,11912.0
Johann Lepenant,11912.0
Pedro Chirivella,11912.0
Kenny Lala,11912.0
Axel Disasi,11912.0
Angel Gomes,11747.0
Jubal,11581.0
Timothy Weah,11581.0
Souleyman Doumbia,11250.0
Erik Palmer-Brown,10919.0
Jackson Porozo,10919.0
Lucien Agoume,10919.0
Yoann Salmier,10919.0
Colin Dagba,10919.0
Ismail Jakobs,10754.0
Habib Diallo,10092.0
Sinaly Diomande,10092.0
Ado Onaiwu,9927.0
Gabriel Suazo,9927.0
Mikkel Desler,9927.0
Ibrahima Niane,9927.0
Thomas Mangani,9927.0
Emmanuel Agbadou,9927.0
Franck Honorat,9927.0
Joe Rodon,9596.0
Montassar Talbi,9430.0
Rasmus Nicolaisen,9099.0
Batista Mendy,9099.0
Pierrick Capelle,8934.0
Gedeon Kalulu,8934.0
Jean-Charles Castelletto,8934.0
Johan Gastien,8934.0
Brendan Chardonnet,8934.0
Haris Belkebla,8934.0
Romain Del Castillo,8934.0
Maximiliano Caufriez,8769.0
Thomas Delaine,8603.0
Mathias Pereira Lage,8438.0
Stephy Mavididi,8272.0
Kevin Danso,8272.0
Youssouf M'Changama,7941.0
Achraf Dari,7941.0
Eliesse Ben Seghir,7941.0
Gerzino Nyamsi,7445.0
Neto Borges,7445.0
Julien Laporte,7280.0
Gideon Mensah,6949.0
Florent Ogier,6949.0
Maxime Le Marchand,6618.0
Malo Gusto,6618.0
Pablo Rosario,6452.0
Julien Ponceau,6452.0
Bradley Barcola,6452.0
Vincent Marchetti,5956.0
Mitchell van Bergen,5791.0
Sada Thioub,5625.0
Jean-Ricner Bellegarde,5625.0
Deiver Machado,5625.0
Ibrahima Sissoko,5460.0
Han-Noah Massengo,5294.0
Mathias Autret,5294.0
Zakaria Aboukhlal,4963.0
Gauthier Hein,4963.0
Nuno da Costa,4963.0
Evann Guessand,4963.0
Alidu Seidu,4963.0
Grejohn Kyei,4963.0
Mahdi Camara,4963.0
Hicham Boudaoui,4798.0
Youssouf Fofana,4632.0
Faitout Maouassa,4467.0
Andreas Bruus,4467.0
Hamza Sakhi,4467.0
Julian Jeanvier,4467.0
Bonke Innocent,4467.0
Mateusz Wieteska,4467.0
Muhammed Cham,4467.0
Salis Abdul Samed,4467.0
Vincent Le Goff,4136.0
Amine Salama,3971.0
Laurent Abergel,3971.0
Florian Sotoca,3971.0
Mathieu Coutadeur,3805.0
Jean-Kevin Duverne,3640.0
Kevin Spadanuda,3474.0
Samuel Moutoussamy,3474.0
Noah Fadiga,3474.0
Melvin Bard,3309.0
Alexis Flips,3309.0
Yoann Cathline,2978.0
Yohann Magnin,2978.0
Jonathan Gradit,2813.0
Stijn Spierings,2647.0
Thierno Balde,2482.0
Riad Nouri,2482.0
Adrien Truffert,2482.0
Falaye Sacko,2316.0
Oumar Gonzalez,2316.0
Elba Rashani,2316.0
Jim Allevinah,2151.0
Thijs Dallinga,1985.0
Himad Abdelli,1985.0
Facundo Medina,1985.0
Elye Wahi,1654.0
Mohamed Youssouf,1654.0
Dion Lopy,1654.0
Lucas Perrin,1654.0
Castello Lukeba,1654.0
Enzo Tchato,1489.0
Anthony Rouault,1489.0
Lilian Brassier,1489.0
Moussa Diarra,1158.0
Cyrille Bayala,1158.0
Ismael Diallo,1158.0
Quentin Merlin,1158.0
Joris Chotard,993.0
Lassine Sinayoko,993.0
Hugo Magnetti,827.0
Wilson Odobert,662.0
Kamory Doumbia,662.0
Lesley Ugochukwu,662.0
Eliot Matazo,662.0
Warmed Omari,496.0
David Pereira da Costa,496.0
Yasser Larouci,331.0
Mounaim El Idrissy,331.0
